Stages_Data,,,,,,,
English,,,,,,,
Time,Miles,MPH,Watts,HR,RPM,Resistance,Relative Resistance
0:00,0,14.22,75,0,83,9,38
0:01,0.0056,14.22,75,0,83,9,38
0:02,0.0112,14.22,75,0,83,9,38
0:03,0.0168,14.22,75,0,83,9,38
0:04,0.0199,14.22,75,0,83,9,38
0:05,0.0242,14.22,75,0,83,9,38
0:06,0.0286,14.22,75,0,83,9,38
0:07,0.0317,14.22,75,0,83,9,38
0:08,0.0367,14.22,75,0,83,9,38
0:09,0.0404,14.91,45,0,87,9,38
0:10,0.0447,14.91,46,0,88,9,38
0:11,0.0478,15.07,45,0,87,9,38
0:12,0.0522,14.91,45,0,87,9,38
0:13,0.0547,14.91,46,0,88,9,38
0:14,0.059,15.07,46,0,88,9,38
0:15,0.064,15.07,46,0,89,9,38
0:16,0.0677,15.25,47,0,90,9,38
0:17,0.0702,15.42,46,0,89,9,38
0:18,0.0746,15.25,45,0,88,9,38
0:19,0.0789,14.91,45,0,88,9,38
0:20,0.082,14.91,45,0,88,9,38
0:21,0.087,14.91,46,0,88,9,38
0:22,0.0907,15.07,46,0,88,9,38
0:23,0.0938,15.07,46,0,88,9,38
0:24,0.0988,15.07,46,0,88,9,38
0:25,0.1031,15.07,46,0,88,9,38
0:26,0.1063,15.07,46,0,88,9,38
0:27,0.1106,15.07,46,0,88,9,38
0:28,0.1156,15.07,46,0,88,9,38
0:29,0.1199,14.91,45,0,87,9,38
0:30,0.123,14.91,45,0,87,9,38
0:31,0.1274,15.07,46,0,88,9,38
0:32,0.1317,15.07,46,0,88,9,38
0:33,0.1348,15.07,46,0,88,9,38
0:34,0.1398,15.07,45,0,87,9,38
0:35,0.1442,14.91,45,0,87,9,38
0:36,0.1473,14.91,45,0,87,9,38
0:37,0.1516,15.07,46,0,88,9,38
0:38,0.156,15.07,46,0,89,9,38
0:39,0.1603,15.25,46,0,89,9,38
0:40,0.1634,15.25,46,0,89,9,38
0:41,0.1684,15.25,46,0,89,9,38
0:42,0.1727,15.07,46,0,88,9,38
0:43,0.1758,15.07,46,0,88,9,38
0:44,0.1802,15.07,46,0,89,9,38
0:45,0.1845,15.25,46,0,89,9,38
0:46,0.1889,15.25,46,0,89,9,38
0:47,0.192,15.25,46,0,89,9,38
0:48,0.197,15.25,46,0,89,9,38
0:49,0.2019,15.88,59,0,89,10,42
0:50,0.2051,15.88,59,0,89,10,42
0:51,0.2094,15.88,59,0,89,10,42
0:52,0.2144,15.88,59,0,89,10,42
0:53,0.2193,15.88,60,0,90,10,42
0:54,0.2225,16.06,60,0,90,10,42
0:55,0.2274,16.06,59,0,89,10,42
0:56,0.2318,15.88,58,0,88,10,42
0:57,0.2355,15.71,58,0,88,10,42
0:58,0.2405,15.71,58,0,88,10,42
0:59,0.2448,15.71,58,0,88,10,42
1:00,0.2485,15.71,58,0,88,10,42
1:01,0.2529,15.71,57,0,87,10,42
1:02,0.2579,15.71,58,0,88,10,42
1:03,0.261,15.71,58,0,88,10,42
1:04,0.2659,15.53,57,0,87,10,42
1:05,0.2703,15.53,55,0,86,10,42
1:06,0.2734,15.35,55,0,86,10,42
1:07,0.2784,15.35,54,0,85,10,42
1:08,0.2821,15.17,53,0,84,10,42
1:09,0.2871,15.17,54,0,85,10,42
1:10,0.2902,15.35,55,0,86,10,42
1:11,0.2939,15.17,54,0,85,10,42
1:12,0.297,15.17,54,0,85,10,42
1:13,0.302,15.17,54,0,85,10,42
1:14,0.3063,15.17,54,0,85,10,42
1:15,0.3113,15.17,54,0,85,10,42
1:16,0.3138,15.17,53,0,84,10,42
1:17,0.3181,14.99,53,0,84,10,42
1:18,0.3231,14.99,53,0,84,10,42
1:19,0.3262,14.99,53,0,84,10,42
1:20,0.3299,14.99,54,0,85,10,42
1:21,0.3349,15.17,54,0,85,10,42
1:22,0.3393,14.99,53,0,84,10,42
1:23,0.3424,14.99,53,0,84,10,42
1:24,0.3467,14.99,53,0,84,10,42
1:25,0.3517,14.99,53,0,84,10,42
1:26,0.3548,14.99,53,0,84,10,42
1:27,0.3592,14.99,53,0,84,10,42
1:28,0.3635,14.99,53,0,84,10,42
1:29,0.3685,14.99,53,0,84,10,42
1:30,0.3716,14.99,53,0,84,10,42
1:31,0.3759,14.81,52,0,83,10,42
1:32,0.3809,14.81,52,0,83,10,42
1:33,0.3834,14.81,52,0,83,10,42
1:34,0.3877,15.17,54,0,85,10,42
1:35,0.3921,15.35,55,0,86,10,42
1:36,0.3952,15.35,55,0,86,10,42
1:37,0.3995,15.17,54,0,85,10,42
1:38,0.4033,14.99,53,0,84,10,42
1:39,0.4064,14.99,53,0,84,10,42
1:40,0.4113,14.99,53,0,84,10,42
1:41,0.4157,14.99,53,0,84,10,42
1:42,0.4207,14.99,53,0,84,10,42
1:43,0.4238,14.99,53,0,84,10,42
1:44,0.4275,15.17,55,0,86,10,42
1:45,0.4319,15.35,55,0,86,10,42
1:46,0.435,15.35,55,0,86,10,42
1:47,0.4393,15.53,57,0,87,10,42
1:48,0.4443,15.53,57,0,87,10,42
1:49,0.4486,15.53,57,0,87,10,42
1:50,0.4517,15.53,58,0,88,10,42
1:51,0.4567,15.71,57,0,87,10,42
1:52,0.4611,15.53,55,0,86,10,42
1:53,0.4635,15.35,55,0,86,10,42
1:54,0.4679,15.17,54,0,85,10,42
1:55,0.4722,14.99,52,0,83,10,42
1:56,0.4747,14.81,52,0,83,10,42
1:57,0.4791,14.99,53,0,84,10,42
1:58,0.4834,14.99,53,0,84,10,42
1:59,0.4878,14.99,53,0,84,10,42
2:00,0.4909,14.99,53,0,84,10,42
2:01,0.4952,15.17,54,0,85,10,42
2:02,0.4996,15.17,54,0,85,10,42
2:03,0.5027,15.17,55,0,86,10,42
2:04,0.5077,15.35,55,0,86,10,42
2:05,0.512,15.53,57,0,87,10,42
2:06,0.5151,15.53,57,0,87,10,42
2:07,0.5195,15.35,55,0,86,10,42
2:08,0.5244,15.17,54,0,85,10,42
2:09,0.5269,15.17,55,0,86,10,42
2:10,0.5313,15.35,55,0,86,10,42
2:11,0.5362,15.35,58,0,88,10,42
2:12,0.5412,15.71,58,0,88,10,42
2:13,0.5443,15.71,58,0,88,10,42
2:14,0.5487,15.88,59,0,89,10,42
2:15,0.5536,15.88,60,0,90,10,42
2:16,0.5567,16.06,60,0,90,10,42
2:17,0.5617,16.06,60,0,90,10,42
2:18,0.5661,16.06,60,0,90,10,42
2:19,0.571,16.06,60,0,90,10,42
2:20,0.5748,16.06,60,0,90,10,42
2:21,0.5797,16.06,60,0,90,10,42
2:22,0.5847,16.06,60,0,90,10,42
2:23,0.5878,16.06,60,0,90,10,42
2:24,0.5928,16.06,60,0,90,10,42
2:25,0.5978,16.06,60,0,90,10,42
2:26,0.6009,16.06,60,0,90,10,42
2:27,0.6058,16.06,60,0,90,10,42
2:28,0.6108,16.06,60,0,90,10,42
2:29,0.6158,16.06,61,0,91,10,42
2:30,0.6189,16.24,61,0,91,10,42
2:31,0.6232,16.06,60,0,90,10,42
2:32,0.6282,16.06,60,0,90,10,42
2:33,0.6332,16.06,60,0,90,10,42
2:34,0.6369,16.06,60,0,90,10,42
2:35,0.6413,16.06,61,0,91,10,42
2:36,0.6462,16.24,61,0,91,10,42
2:37,0.6493,16.24,61,0,91,10,42
2:38,0.6543,16.42,62,0,92,10,42
2:39,0.6593,16.42,61,0,91,10,42
2:40,0.6624,16.24,61,0,91,10,42
2:41,0.6674,16.42,62,0,92,10,42
2:42,0.6723,16.42,62,0,92,10,42
2:43,0.6779,16.24,61,0,91,10,42
2:44,0.681,16.24,61,0,91,10,42
2:45,0.686,16.06,60,0,90,10,42
2:46,0.6891,16.06,61,0,91,10,42
2:47,0.6941,16.24,61,0,91,10,42
2:48,0.6984,16.06,61,0,91,10,42
2:49,0.7034,16.24,61,0,91,10,42
2:50,0.7059,16.24,60,0,90,10,42
2:51,0.7108,16.06,60,0,90,10,42
2:52,0.7164,16.06,60,0,90,10,42
2:53,0.7195,16.06,60,0,90,10,42
2:54,0.7239,16.24,61,0,91,10,42
2:55,0.7289,16.24,61,0,91,10,42
2:56,0.7326,16.24,61,0,91,10,42
2:57,0.7369,16.06,60,0,90,10,42
2:58,0.7419,16.06,60,0,90,10,42
2:59,0.745,16.06,60,0,90,10,42
3:00,0.75,16.06,60,0,90,10,42
3:01,0.755,16.24,61,0,91,10,42
3:02,0.7599,16.24,61,0,91,10,42
3:03,0.763,16.24,61,0,91,10,42
3:04,0.768,16.24,61,0,91,10,42
3:05,0.773,16.24,61,0,91,10,42
3:06,0.7761,16.24,62,0,92,10,42
3:07,0.7811,16.42,61,0,91,10,42
3:08,0.786,16.42,61,0,91,10,42
3:09,0.7891,16.42,61,0,91,10,42
3:10,0.7941,16.06,60,0,90,10,42
3:11,0.7991,16.06,60,0,90,10,42
3:12,0.8034,16.06,60,0,90,10,42
3:13,0.8065,16.76,72,0,90,11,46
3:14,0.8115,16.76,72,0,90,11,46
3:15,0.8171,16.76,72,0,90,11,46
3:16,0.8202,16.76,72,0,90,11,46
3:17,0.8252,16.94,74,0,91,11,46
3:18,0.8302,16.94,74,0,91,11,46
3:19,0.8339,16.94,74,0,91,11,46
3:20,0.8389,16.94,74,0,91,11,46
3:21,0.8438,16.94,78,0,94,11,46
3:22,0.8482,18.81,93,0,105,11,46
3:23,0.8519,19.56,94,0,106,11,46
3:24,0.8581,19.75,94,0,106,11,46
3:25,0.8637,19.75,94,0,106,11,46
3:26,0.8681,19.75,94,0,106,11,46
3:27,0.8736,19.56,93,0,105,11,46
3:28,0.8799,19.56,93,0,105,11,46
3:29,0.8836,19.56,93,0,105,11,46
3:30,0.8898,19.56,94,0,106,11,46
3:31,0.8954,19.75,94,0,106,11,46
3:32,0.8991,19.75,94,0,106,11,46
3:33,0.9053,19.75,94,0,106,11,46
3:34,0.9116,19.75,93,0,105,11,46
3:35,0.9171,19.56,93,0,105,11,46
3:36,0.9215,19.56,93,0,105,11,46
3:37,0.9277,19.56,93,0,105,11,46
3:38,0.9333,19.75,94,0,106,11,46
3:39,0.937,19.75,94,0,106,11,46
3:40,0.9432,19.75,93,0,105,11,46
3:41,0.9495,19.56,93,0,105,11,46
3:42,0.9538,19.56,94,0,106,11,46
3:43,0.96,19.75,94,0,106,11,46
3:44,0.9656,19.75,94,0,106,11,46
3:45,0.9693,19.75,95,0,107,11,46
3:46,0.9749,20.11,97,0,108,11,46
3:47,0.9811,20.11,97,0,108,11,46
3:48,0.9867,19.93,95,0,107,11,46
3:49,0.9911,19.93,95,0,107,11,46
3:50,0.9967,19.75,94,0,106,11,46
3:51,1.0023,19,83,0,98,11,46
3:52,1.0054,17.88,76,0,93,11,46
3:53,1.0097,17.32,72,0,90,11,46
3:54,1.0122,16.58,70,0,88,11,46
3:55,1.0159,16.39,68,0,87,11,46
3:56,1.0209,16.39,68,0,87,11,46
3:57,1.0259,16.39,68,0,87,11,46
3:58,1.029,16.39,68,0,87,11,46
3:59,1.034,16.2,68,0,87,11,46
4:00,1.0389,16.2,68,0,87,11,46
4:01,1.0439,16.2,68,0,87,11,46
4:02,1.047,16.2,68,0,87,11,46
4:03,1.0526,16.2,68,0,87,11,46
4:04,1.057,16.2,68,0,87,11,46
4:05,1.0601,16.2,70,0,88,11,46
4:06,1.0644,18.06,90,0,103,11,46
4:07,1.0706,19.37,93,0,105,11,46
4:08,1.0744,19.56,93,0,105,11,46
4:09,1.0799,19.75,94,0,106,11,46
4:10,1.0862,19.75,94,0,106,11,46
4:11,1.0899,19.75,94,0,106,11,46
4:12,1.0961,19.75,94,0,106,11,46
4:13,1.1023,19.75,94,0,106,11,46
4:14,1.1079,19.75,95,0,107,11,46
4:15,1.1116,19.93,95,0,107,11,46
4:16,1.1178,19.93,95,0,107,11,46
4:17,1.1241,19.93,95,0,107,11,46
4:18,1.1284,19.93,95,0,107,11,46
4:19,1.1346,19.93,95,0,107,11,46
4:20,1.1408,19.93,97,0,108,11,46
4:21,1.1446,20.11,97,0,108,11,46
4:22,1.1508,20.11,97,0,108,11,46
4:23,1.157,20.11,97,0,108,11,46
4:24,1.1632,20.11,97,0,108,11,46
4:25,1.1676,20.11,97,0,108,11,46
4:26,1.1731,20.11,97,0,108,11,46
4:27,1.1794,20.11,98,0,109,11,46
4:28,1.1831,20.3,98,0,109,11,46
4:29,1.1893,20.11,97,0,108,11,46
4:30,1.1949,20.3,98,0,109,11,46
4:31,1.1986,20.3,98,0,109,11,46
4:32,1.2048,20.49,99,0,110,11,46
4:33,1.2104,20.3,97,0,108,11,46
4:34,1.2142,20.3,93,0,105,11,46
4:35,1.2198,19.56,86,0,100,11,46
4:36,1.2247,17.51,75,0,92,11,46
4:37,1.2272,16.39,68,0,87,11,46
4:38,1.2316,16.2,67,0,86,11,46
4:39,1.2359,15.27,59,0,80,11,46
4:40,1.2384,14.34,48,0,71,11,46
4:41,1.2415,13.22,47,0,70,11,46
4:42,1.2452,13.04,48,0,71,11,46
4:43,1.2471,13.22,49,0,72,11,46
4:44,1.2508,13.4,50,0,73,11,46
4:45,1.2545,13.97,55,0,77,11,46
4:46,1.2577,14.34,60,0,81,11,46
4:47,1.262,15.64,67,0,86,11,46
4:48,1.2664,16.2,68,0,87,11,46
4:49,1.2695,16.2,68,0,87,11,46
4:50,1.2738,16.76,82,0,97,11,46
4:51,1.2794,19.56,98,0,109,11,46
4:52,1.2831,20.3,99,0,110,11,46
4:53,1.2887,20.67,101,0,111,11,46
4:54,1.2949,20.67,99,0,110,11,46
4:55,1.2993,20.49,99,0,110,11,46
4:56,1.3049,20.3,98,0,109,11,46
4:57,1.3111,20.3,98,0,109,11,46
4:58,1.3173,20.3,98,0,109,11,46
4:59,1.3217,20.3,98,0,109,11,46
5:00,1.3279,20.3,98,0,109,11,46
5:01,1.3341,20.3,98,0,109,11,46
5:02,1.3378,20.3,98,0,109,11,46
5:03,1.344,19.93,95,0,107,11,46
5:04,1.3502,19.93,95,0,107,11,46
5:05,1.354,19.93,97,0,108,11,46
5:06,1.3602,20.11,98,0,109,11,46
5:07,1.3664,20.3,98,0,109,11,46
5:08,1.3726,20.3,98,0,109,11,46
5:09,1.3763,20.3,98,0,109,11,46
5:10,1.3826,20.11,97,0,108,11,46
5:11,1.3888,20.11,97,0,108,11,46
5:12,1.3931,20.11,97,0,108,11,46
5:13,1.3987,20.3,99,0,110,11,46
5:14,1.4055,20.49,101,0,111,11,46
5:15,1.4093,20.67,101,0,111,11,46
5:16,1.4155,20.67,101,0,111,11,46
5:17,1.4223,20.67,101,0,111,11,46
5:18,1.426,20.67,99,0,110,11,46
5:19,1.4323,20.49,99,0,110,11,46
5:20,1.4385,20.49,99,0,110,11,46
5:21,1.4447,20.67,101,0,111,11,46
5:22,1.4484,20.49,97,0,108,11,46
5:23,1.454,20.11,90,0,103,11,46
5:24,1.4584,17.88,76,0,93,11,46
5:25,1.4608,16.94,71,0,89,11,46
5:26,1.4658,16.58,70,0,88,11,46
5:27,1.4708,16.2,67,0,86,11,46
5:28,1.4739,16.01,67,0,86,11,46
5:29,1.4789,16.01,67,0,86,11,46
5:30,1.4838,16.01,67,0,86,11,46
5:31,1.4869,16.01,67,0,86,11,46
5:32,1.4913,16.2,68,0,87,11,46
5:33,1.4969,16.2,70,0,88,11,46
5:34,1.5,16.39,70,0,88,11,46
5:35,1.505,16.39,70,0,88,11,46
5:36,1.5099,16.39,70,0,88,11,46
5:37,1.5143,16.58,71,0,89,11,46
5:38,1.518,16.58,78,0,94,11,46
5:39,1.5224,19,97,0,108,11,46
5:40,1.528,20.49,99,0,110,11,46
5:41,1.5323,20.49,99,0,110,11,46
5:42,1.5385,20.49,98,0,109,11,46
5:43,1.5441,20.3,98,0,109,11,46
5:44,1.5485,20.3,98,0,109,11,46
5:45,1.554,20.11,97,0,108,11,46
5:46,1.5603,20.11,97,0,108,11,46
5:47,1.5646,20.11,97,0,108,11,46
5:48,1.5702,19.93,95,0,107,11,46
5:49,1.5758,19.75,95,0,107,11,46
5:50,1.5795,19.93,95,0,107,11,46
5:51,1.5857,19.93,95,0,107,11,46
5:52,1.592,19.93,95,0,107,11,46
5:53,1.5982,20.11,97,0,108,11,46
5:54,1.6019,20.11,97,0,108,11,46
5:55,1.6081,20.3,98,0,109,11,46
5:56,1.6143,20.49,99,0,110,11,46
5:57,1.6187,20.49,99,0,110,11,46
5:58,1.6249,20.3,98,0,109,11,46
5:59,1.6311,20.3,98,0,109,11,46
6:00,1.6348,20.3,98,0,109,11,46
6:01,1.641,20.49,99,0,110,11,46
6:02,1.6473,20.49,99,0,110,11,46
6:03,1.6535,20.3,98,0,109,11,46
6:04,1.6578,20.3,98,0,109,11,46
6:05,1.664,20.3,98,0,109,11,46
6:06,1.6702,20.49,99,0,110,11,46
6:07,1.674,20.49,98,0,109,11,46
6:08,1.6802,20.3,93,0,105,11,46
6:09,1.6845,17.88,78,0,94,11,46
6:10,1.6876,16.76,70,0,88,11,46
6:11,1.6914,16.01,66,0,85,11,46
6:12,1.6957,15.64,63,0,83,11,46
6:13,1.6982,15.27,60,0,81,11,46
6:14,1.7026,14.71,56,0,78,11,46
6:15,1.7057,14.34,56,0,78,11,46
6:16,1.7094,14.34,54,0,76,11,46
6:17,1.7137,14.15,53,0,75,11,46
6:18,1.7181,13.78,53,0,75,11,46
6:19,1.7206,13.78,53,0,75,11,46
6:20,1.7249,13.78,53,0,75,11,46
6:21,1.7293,13.78,50,0,73,11,46
6:22,1.7318,13.6,50,0,73,11,46
6:23,1.7361,13.6,50,0,73,11,46
6:24,1.7398,13.6,50,0,73,11,46
6:25,1.7429,13.6,50,0,73,11,46
6:26,1.7473,13.6,50,0,73,11,46
6:27,1.751,13.6,50,0,73,11,46
6:28,1.7554,13.4,49,0,72,11,46
6:29,1.7572,13.4,48,0,71,11,46
6:30,1.7603,13.78,53,0,75,11,46
6:31,1.7635,13.97,53,0,75,11,46
6:32,1.7672,14.15,54,0,76,11,46
6:33,1.7715,14.15,54,0,76,11,46
6:34,1.7759,14.34,55,0,77,11,46
6:35,1.7784,14.34,56,0,78,11,46
6:36,1.7827,14.53,56,0,78,11,46
6:37,1.7877,14.53,56,0,78,11,46
6:38,1.7902,14.53,56,0,78,11,46
6:39,1.7951,14.53,58,0,79,11,46
6:40,1.7995,14.71,58,0,79,11,46
6:41,1.8038,14.71,58,0,79,11,46
6:42,1.8069,14.71,58,0,79,11,46
6:43,1.8113,14.71,59,0,80,11,46
6:44,1.8144,14.9,59,0,80,11,46
6:45,1.8188,14.9,59,0,80,11,46
6:46,1.8237,14.9,59,0,80,11,46
6:47,1.8281,14.9,59,0,80,11,46
6:48,1.8312,14.9,59,0,80,11,46
6:49,1.8355,14.9,59,0,80,11,46
6:50,1.8405,14.9,59,0,80,11,46
6:51,1.8449,14.9,59,0,80,11,46
6:52,1.848,14.9,59,0,80,11,46
6:53,1.8523,14.9,59,0,80,11,46
6:54,1.8573,14.9,59,0,80,11,46
6:55,1.8604,14.9,59,0,80,11,46
6:56,1.8647,14.9,59,0,80,11,46
6:57,1.8691,14.9,60,0,81,11,46
6:58,1.8722,15.08,60,0,81,11,46
6:59,1.8772,15.08,60,0,81,11,46
7:00,1.8815,15.08,60,0,81,11,46
7:01,1.8859,15.08,60,0,81,11,46
7:02,1.889,15.08,60,0,81,11,46
7:03,1.8939,15.08,62,0,82,11,46
7:04,1.8983,15.77,71,0,81,12,50
7:05,1.9014,16.52,86,0,81,13,54
7:06,1.907,17.34,108,0,81,14,58
7:07,1.912,17.34,106,0,80,14,58
7:08,1.9151,17.14,106,0,80,14,58
7:09,1.9194,16.92,104,0,79,14,58
7:10,1.9238,16.49,97,0,76,14,58
7:11,1.9269,16.06,97,0,76,14,58
7:12,1.9312,16.27,99,0,77,14,58
7:13,1.9362,16.49,99,0,77,14,58
7:14,1.9393,16.49,99,0,77,14,58
7:15,1.9443,16.27,97,0,76,14,58
7:16,1.9492,16.27,97,0,76,14,58
7:17,1.9523,16.27,97,0,76,14,58
7:18,1.9573,16.49,101,0,78,14,58
7:19,1.9623,16.71,101,0,78,14,58
7:20,1.9673,16.71,101,0,78,14,58
7:21,1.971,16.71,101,0,78,14,58
7:22,1.976,16.71,101,0,78,14,58
7:23,1.9809,16.71,99,0,77,14,58
7:24,1.984,16.49,101,0,78,14,58
7:25,1.989,16.71,101,0,78,14,58
7:26,1.9946,16.71,101,0,78,14,58
7:27,1.9983,16.71,101,0,78,14,58
7:28,2.0033,16.71,101,0,78,14,58
7:29,2.0083,16.71,101,0,78,14,58
7:30,2.012,16.71,101,0,78,14,58
7:31,2.017,16.71,101,0,78,14,58
7:32,2.0219,16.71,101,0,78,14,58
7:33,2.0269,16.71,101,0,78,14,58
7:34,2.0306,16.71,101,0,78,14,58
7:35,2.0356,16.71,101,0,78,14,58
7:36,2.0406,16.71,101,0,78,14,58
7:37,2.0456,16.71,101,0,78,14,58
7:38,2.0493,16.71,101,0,78,14,58
7:39,2.0543,16.71,101,0,78,14,58
7:40,2.0598,16.71,101,0,78,14,58
7:41,2.063,16.71,101,0,78,14,58
7:42,2.0679,16.92,104,0,79,14,58
7:43,2.0729,16.71,104,0,79,14,58
7:44,2.076,16.71,104,0,79,14,58
7:45,2.081,16.71,104,0,79,14,58
7:46,2.0859,16.71,104,0,79,14,58
7:47,2.0915,16.71,104,0,79,14,58
7:48,2.0946,16.71,104,0,79,14,58
7:49,2.0996,16.71,104,0,79,14,58
7:50,2.1052,16.71,104,0,79,14,58
7:51,2.1102,16.71,104,0,79,14,58
7:52,2.1133,16.92,104,0,79,14,58
7:53,2.1183,16.92,104,0,79,14,58
7:54,2.1232,16.92,101,0,78,14,58
7:55,2.1263,16.71,101,0,78,14,58
7:56,2.1313,16.71,104,0,79,14,58
7:57,2.1357,16.92,101,0,78,14,58
7:58,2.1388,16.92,101,0,78,14,58
7:59,2.1444,16.92,101,0,78,14,58
8:00,2.1493,16.92,101,0,78,14,58
8:01,2.1543,16.92,101,0,78,14,58
8:02,2.158,16.92,101,0,78,14,58
8:03,2.163,16.92,101,0,78,14,58
8:04,2.1686,16.92,101,0,78,14,58
8:05,2.1717,16.92,101,0,78,14,58
8:06,2.1767,16.92,101,0,78,14,58
8:07,2.1823,16.92,101,0,78,14,58
8:08,2.1854,16.92,99,0,77,14,58
8:09,2.1903,16.49,101,0,78,14,58
8:10,2.1953,16.71,104,0,79,14,58
8:11,2.2003,16.92,104,0,79,14,58
8:12,2.204,16.92,104,0,79,14,58
8:13,2.209,16.92,104,0,79,14,58
8:14,2.2139,16.92,104,0,79,14,58
8:15,2.2177,16.92,104,0,79,14,58
8:16,2.2233,16.92,104,0,79,14,58
8:17,2.2282,16.92,104,0,79,14,58
8:18,2.232,16.92,104,0,79,14,58
8:19,2.2369,16.71,101,0,78,14,58
8:20,2.2419,16.71,101,0,78,14,58
8:21,2.2463,16.92,104,0,79,14,58
8:22,2.25,16.92,104,0,79,14,58
8:23,2.255,16.92,104,0,79,14,58
8:24,2.2599,16.92,104,0,79,14,58
8:25,2.2655,16.92,104,0,79,14,58
8:26,2.2686,16.92,104,0,79,14,58
8:27,2.2742,16.92,104,0,79,14,58
8:28,2.2792,16.92,104,0,79,14,58
8:29,2.2829,16.92,104,0,79,14,58
8:30,2.2879,16.92,104,0,79,14,58
8:31,2.2935,16.92,104,0,79,14,58
8:32,2.2966,16.92,104,0,79,14,58
8:33,2.3022,16.92,101,0,78,14,58
8:34,2.3065,16.71,101,0,78,14,58
8:35,2.3115,16.92,125,0,79,15,63
8:36,2.3146,17.81,125,0,79,15,63
8:37,2.3202,17.81,122,0,78,15,63
8:38,2.3252,17.58,122,0,78,15,63
8:39,2.3289,17.58,122,0,78,15,63
8:40,2.3345,17.58,122,0,78,15,63
8:41,2.3395,17.58,122,0,78,15,63
8:42,2.3432,17.58,122,0,78,15,63
8:43,2.3488,17.58,122,0,78,15,63
8:44,2.3544,17.58,122,0,78,15,63
8:45,2.3593,17.58,122,0,78,15,63
8:46,2.3631,17.58,122,0,78,15,63
8:47,2.3687,17.58,122,0,78,15,63
8:48,2.3743,17.58,122,0,78,15,63
8:49,2.3774,17.58,125,0,79,15,63
8:50,2.383,17.81,125,0,79,15,63
8:51,2.3886,17.81,125,0,79,15,63
8:52,2.3935,17.81,125,0,79,15,63
8:53,2.3972,17.81,125,0,79,15,63
8:54,2.4028,17.81,125,0,79,15,63
8:55,2.4084,17.81,125,0,79,15,63
8:56,2.4115,17.81,122,0,78,15,63
8:57,2.4165,17.81,125,0,79,15,63
8:58,2.4221,17.81,125,0,79,15,63
8:59,2.4271,17.81,125,0,79,15,63
9:00,2.4308,17.81,125,0,79,15,63
9:01,2.4364,17.81,125,0,79,15,63
9:02,2.442,17.81,125,0,79,15,63
9:03,2.4457,17.81,125,0,79,15,63
9:04,2.4513,17.81,125,0,79,15,63
9:05,2.4563,17.81,125,0,79,15,63
9:06,2.4619,17.58,122,0,78,15,63
9:07,2.465,17.58,122,0,78,15,63
9:08,2.4699,17.81,125,0,79,15,63
9:09,2.4755,17.81,125,0,79,15,63
9:10,2.4793,17.81,125,0,79,15,63
9:11,2.4849,17.81,125,0,79,15,63
9:12,2.4905,17.81,122,0,78,15,63
9:13,2.4929,17.58,125,0,79,15,63
9:14,2.4985,17.81,125,0,79,15,63
9:15,2.5035,17.81,125,0,79,15,63
9:16,2.5079,17.81,125,0,79,15,63
9:17,2.5134,17.81,125,0,79,15,63
9:18,2.519,17.81,122,0,78,15,63
9:19,2.5234,17.58,122,0,78,15,63
9:20,2.5271,17.58,122,0,78,15,63
9:21,2.5327,17.58,122,0,78,15,63
9:22,2.5383,17.58,122,0,78,15,63
9:23,2.5414,17.58,122,0,78,15,63
9:24,2.547,17.58,122,0,78,15,63
9:25,2.5526,17.58,122,0,78,15,63
9:26,2.5557,17.58,120,0,77,15,63
9:27,2.5607,17.36,122,0,78,15,63
9:28,2.5663,17.58,122,0,78,15,63
9:29,2.5712,17.58,122,0,78,15,63
9:30,2.575,17.58,122,0,78,15,63
9:31,2.5806,17.58,122,0,78,15,63
9:32,2.5855,17.58,122,0,78,15,63
9:33,2.5893,17.58,122,0,78,15,63
9:34,2.5948,17.58,122,0,78,15,63
9:35,2.6004,17.58,122,0,78,15,63
9:36,2.6054,17.58,122,0,78,15,63
9:37,2.6091,17.58,122,0,78,15,63
9:38,2.6141,17.36,120,0,77,15,63
9:39,2.6197,17.36,120,0,77,15,63
9:40,2.6228,17.36,122,0,78,15,63
9:41,2.6284,17.58,122,0,78,15,63
9:42,2.634,17.58,122,0,78,15,63
9:43,2.639,17.58,122,0,78,15,63
9:44,2.6427,17.58,122,0,78,15,63
9:45,2.6483,17.58,122,0,78,15,63
9:46,2.6533,17.58,122,0,78,15,63
9:47,2.657,17.58,122,0,78,15,63
9:48,2.6626,17.58,122,0,78,15,63
9:49,2.6675,17.58,122,0,78,15,63
9:50,2.6731,17.58,120,0,77,15,63
9:51,2.6762,17.36,120,0,77,15,63
9:52,2.6818,17.58,122,0,78,15,63
9:53,2.6868,17.58,122,0,78,15,63
9:54,2.6905,17.58,122,0,78,15,63
9:55,2.6961,17.58,122,0,78,15,63
9:56,2.7011,17.58,122,0,78,15,63
9:57,2.7048,17.58,122,0,78,15,63
9:58,2.7104,17.58,122,0,78,15,63
9:59,2.716,17.58,122,0,78,15,63
10:00,2.721,17.58,122,0,78,15,63
10:01,2.7247,17.58,122,0,78,15,63
10:02,2.7303,17.58,122,0,78,15,63
10:03,2.7359,17.58,122,0,78,15,63
10:04,2.7396,17.58,122,0,78,15,63
10:05,2.7446,17.58,101,0,78,14,58
10:06,2.7489,16.71,66,0,77,13,54
10:07,2.7508,14.99,54,0,76,11,46
10:08,2.7552,14.15,54,0,76,11,46
10:09,2.7595,14.71,59,0,80,11,46
10:10,2.7626,15.08,62,0,82,11,46
10:11,2.7663,15.45,64,0,84,11,46
10:12,2.7713,15.64,64,0,84,11,46
10:13,2.7744,15.83,66,0,85,11,46
10:14,2.7794,16.01,67,0,86,11,46
10:15,2.7825,16.01,67,0,86,11,46
10:16,2.7875,16.01,67,0,86,11,46
10:17,2.7924,16.01,68,0,87,11,46
10:18,2.7974,16.2,68,0,87,11,46
10:19,2.7999,16.2,70,0,88,11,46
10:20,2.8049,16.58,71,0,89,11,46
10:21,2.8098,16.58,70,0,88,11,46
10:22,2.8123,16.39,68,0,87,11,46
10:23,2.8173,16.2,67,0,86,11,46
10:24,2.8223,15.83,66,0,85,11,46
10:25,2.8254,15.83,66,0,85,11,46
10:26,2.8297,15.64,64,0,84,11,46
10:27,2.8341,15.45,63,0,83,11,46
10:28,2.8378,15.45,63,0,83,11,46
10:29,2.8422,15.45,63,0,83,11,46
10:30,2.8471,15.45,62,0,82,11,46
10:31,2.8515,15.27,62,0,82,11,46
10:32,2.8546,15.27,62,0,82,11,46
10:33,2.8595,15.08,60,0,81,11,46
10:34,2.8639,15.08,62,0,82,11,46
10:35,2.867,15.27,62,0,82,11,46
10:36,2.8714,15.08,62,0,82,11,46
10:37,2.8757,15.27,64,0,84,11,46
10:38,2.8782,15.64,66,0,85,11,46
10:39,2.8825,16.01,67,0,86,11,46
10:40,2.8875,15.83,67,0,86,11,46
10:41,2.8906,15.83,64,0,84,11,46
10:42,2.895,15.83,66,0,85,11,46
10:43,2.8993,16.01,67,0,86,11,46
10:44,2.9043,16.01,68,0,87,11,46
10:45,2.9074,16.2,68,0,87,11,46
10:46,2.9124,16.01,67,0,86,11,46
10:47,2.9167,16.01,67,0,86,11,46
10:48,2.9204,16.01,68,0,87,11,46
10:49,2.9254,16.2,68,0,87,11,46
10:50,2.9304,16.2,68,0,87,11,46
10:51,2.9335,16.2,68,0,87,11,46
10:52,2.9385,16.2,68,0,87,11,46
10:53,2.9434,16.2,68,0,87,11,46
10:54,2.9484,16.2,68,0,87,11,46
10:55,2.9515,16.2,68,0,87,11,46
10:56,2.9565,16.2,68,0,87,11,46
10:57,2.9615,16.2,68,0,87,11,46
10:58,2.9646,16.2,67,0,86,11,46
10:59,2.9695,16.01,67,0,86,11,46
11:00,2.9745,16.01,67,0,86,11,46
11:01,2.9776,16.01,68,0,87,11,46
11:02,2.9826,16.2,68,0,87,11,46
11:03,2.9876,16.2,80,0,87,12,50
11:04,2.9919,16.93,96,0,86,13,54
11:05,2.995,17.54,115,0,84,14,58
11:06,3.0006,18.42,112,0,83,14,58
11:07,3.005,17.78,108,0,81,14,58
11:08,3.0081,17.14,104,0,79,14,58
11:09,3.013,17.14,104,0,79,14,58
11:10,3.018,17.14,101,0,78,14,58
11:11,3.0217,16.71,101,0,78,14,58
11:12,3.0267,16.71,101,0,78,14,58
11:13,3.0317,16.71,101,0,78,14,58
11:14,3.0354,16.71,101,0,78,14,58
11:15,3.0391,17.81,125,0,79,15,63
11:16,3.0447,17.81,122,0,78,15,63
11:17,3.0478,17.58,122,0,78,15,63
11:18,3.0534,17.58,120,0,77,15,63
11:19,3.0584,17.36,120,0,77,15,63
11:20,3.0615,17.36,120,0,77,15,63
11:21,3.0671,17.36,120,0,77,15,63
11:22,3.0727,17.36,120,0,77,15,63
11:23,3.0777,17.36,120,0,77,15,63
11:24,3.0814,17.36,120,0,77,15,63
11:25,3.087,17.36,120,0,77,15,63
11:26,3.0919,17.36,120,0,77,15,63
11:27,3.0957,17.36,120,0,77,15,63
11:28,3.1006,17.36,120,0,77,15,63
11:29,3.1062,17.36,120,0,77,15,63
11:30,3.1112,17.58,122,0,78,15,63
11:31,3.1149,17.58,122,0,78,15,63
11:32,3.1199,17.36,120,0,77,15,63
11:33,3.1255,17.36,120,0,77,15,63
11:34,3.1292,17.36,120,0,77,15,63
11:35,3.1342,17.36,120,0,77,15,63
11:36,3.1398,17.36,120,0,77,15,63
11:37,3.1435,17.36,120,0,77,15,63
11:38,3.1485,17.36,120,0,77,15,63
11:39,3.1541,17.36,122,0,78,15,63
11:40,3.1591,17.58,122,0,78,15,63
11:41,3.1628,17.58,122,0,78,15,63
11:42,3.1684,17.58,122,0,78,15,63
11:43,3.1733,17.58,122,0,78,15,63
11:44,3.1771,17.58,122,0,78,15,63
11:45,3.1827,17.81,125,0,79,15,63
11:46,3.1883,17.81,125,0,79,15,63
11:47,3.192,17.81,125,0,79,15,63
11:48,3.1976,17.81,125,0,79,15,63
11:49,3.2032,17.81,125,0,79,15,63
11:50,3.2081,17.81,125,0,79,15,63
11:51,3.2119,17.81,122,0,78,15,63
11:52,3.2168,17.58,125,0,79,15,63
11:53,3.2218,17.81,125,0,79,15,63
11:54,3.2255,17.81,125,0,79,15,63
11:55,3.2311,17.81,125,0,79,15,63
11:56,3.2367,17.81,125,0,79,15,63
11:57,3.2404,17.81,125,0,79,15,63
11:58,3.2454,17.58,122,0,78,15,63
11:59,3.2504,17.58,122,0,78,15,63
12:00,3.256,17.58,122,0,78,15,63
12:01,3.2597,17.58,122,0,78,15,63
12:02,3.2647,17.36,120,0,77,15,63
12:03,3.2703,17.36,120,0,77,15,63
12:04,3.274,17.36,120,0,77,15,63
12:05,3.279,17.36,117,0,76,15,63
12:06,3.2839,17.14,117,0,76,15,63
12:07,3.2895,17.36,120,0,77,15,63
12:08,3.2926,17.36,120,0,77,15,63
12:09,3.2982,17.36,120,0,77,15,63
12:10,3.3038,17.36,120,0,77,15,63
12:11,3.3069,17.36,120,0,77,15,63
12:12,3.3113,17.58,122,0,78,15,63
12:13,3.3169,17.58,122,0,78,15,63
12:14,3.3206,17.58,122,0,78,15,63
12:15,3.3256,17.58,122,0,78,15,63
12:16,3.3312,17.58,122,0,78,15,63
12:17,3.3361,17.58,122,0,78,15,63
12:18,3.3399,17.58,122,0,78,15,63
12:19,3.3448,17.58,122,0,78,15,63
12:20,3.3504,17.58,122,0,78,15,63
12:21,3.3535,17.58,122,0,78,15,63
12:22,3.3591,17.58,122,0,78,15,63
12:23,3.3641,17.58,122,0,78,15,63
12:24,3.3697,17.58,122,0,78,15,63
12:25,3.3734,17.58,122,0,78,15,63
12:26,3.379,17.58,122,0,78,15,63
12:27,3.384,17.58,122,0,78,15,63
12:28,3.3877,17.58,122,0,78,15,63
12:29,3.3933,17.58,122,0,78,15,63
12:30,3.3983,17.58,122,0,78,15,63
12:31,3.4039,17.58,122,0,78,15,63
12:32,3.4076,17.36,120,0,77,15,63
12:33,3.4126,17.36,120,0,77,15,63
12:34,3.4182,17.36,120,0,77,15,63
12:35,3.4219,17.36,120,0,77,15,63
12:36,3.4269,17.36,120,0,77,15,63
12:37,3.4325,17.36,120,0,77,15,63
12:38,3.4356,17.36,120,0,77,15,63
12:39,3.4412,17.36,117,0,76,15,63
12:40,3.4461,17.14,120,0,77,15,63
12:41,3.4511,17.36,122,0,78,15,63
12:42,3.4542,17.58,125,0,79,15,63
12:43,3.4592,17.81,122,0,78,15,63
12:44,3.4641,17.58,122,0,78,15,63
12:45,3.4679,17.58,122,0,78,15,63
12:46,3.4735,17.58,122,0,78,15,63
12:47,3.4791,17.58,122,0,78,15,63
12:48,3.4822,17.58,122,0,78,15,63
12:49,3.4878,17.58,122,0,78,15,63
12:50,3.4933,17.58,122,0,78,15,63
12:51,3.4983,17.58,122,0,78,15,63
12:52,3.502,17.58,122,0,78,15,63
12:53,3.5076,17.58,122,0,78,15,63
12:54,3.5132,17.58,122,0,78,15,63
12:55,3.5163,17.58,122,0,78,15,63
12:56,3.5219,17.36,120,0,77,15,63
12:57,3.5269,17.36,120,0,77,15,63
12:58,3.5319,17.58,122,0,78,15,63
12:59,3.5356,17.58,122,0,78,15,63
13:00,3.5412,17.58,120,0,77,15,63
13:01,3.5462,17.36,120,0,77,15,63
13:02,3.5499,17.36,120,0,77,15,63
13:03,3.5549,17.36,120,0,77,15,63
13:04,3.5605,17.36,120,0,77,15,63
13:05,3.5654,17.36,122,0,78,15,63
13:06,3.5685,17.58,122,0,78,15,63
13:07,3.5741,17.58,122,0,78,15,63
13:08,3.5797,17.58,122,0,78,15,63
13:09,3.5828,17.58,120,0,77,15,63
13:10,3.5884,17.36,120,0,77,15,63
13:11,3.5934,17.58,122,0,78,15,63
13:12,3.5971,17.58,122,0,78,15,63
13:13,3.6021,17.58,120,0,77,15,63
13:14,3.6071,17.36,120,0,77,15,63
13:15,3.6127,17.36,120,0,77,15,63
13:16,3.6164,17.36,120,0,77,15,63
13:17,3.6214,17.58,122,0,78,15,63
13:18,3.6263,17.36,122,0,78,15,63
13:19,3.6294,17.36,117,0,76,15,63
13:20,3.635,17.14,117,0,76,15,63
13:21,3.64,17.36,120,0,77,15,63
13:22,3.6437,17.36,120,0,77,15,63
13:23,3.6487,17.36,120,0,77,15,63
13:24,3.6543,17.36,120,0,77,15,63
13:25,3.6599,17.36,120,0,77,15,63
13:26,3.663,17.36,120,0,77,15,63
13:27,3.6686,17.36,120,0,77,15,63
13:28,3.6735,17.58,122,0,78,15,63
13:29,3.6773,17.58,122,0,78,15,63
13:30,3.6829,17.58,122,0,78,15,63
13:31,3.6878,17.36,120,0,77,15,63
13:32,3.6928,17.36,120,0,77,15,63
13:33,3.6965,17.36,120,0,77,15,63
13:34,3.7015,17.36,120,0,77,15,63
13:35,3.7071,17.36,120,0,77,15,63
13:36,3.7108,17.36,120,0,77,15,63
13:37,3.7158,17.36,120,0,77,15,63
13:38,3.7214,17.36,120,0,77,15,63
13:39,3.727,17.36,120,0,77,15,63
13:40,3.7301,17.36,120,0,77,15,63
13:41,3.7357,17.36,120,0,77,15,63
13:42,3.7407,17.36,120,0,77,15,63
13:43,3.7444,17.36,120,0,77,15,63
13:44,3.75,17.58,122,0,78,15,63
13:45,3.7549,17.58,122,0,78,15,63
13:46,3.7605,17.58,120,0,77,15,63
13:47,3.7636,17.36,120,0,77,15,63
13:48,3.7686,17.58,122,0,78,15,63
13:49,3.7742,17.58,122,0,78,15,63
13:50,3.7773,17.58,120,0,77,15,63
13:51,3.7823,17.58,122,0,78,15,63
13:52,3.7873,17.58,122,0,78,15,63
13:53,3.791,17.58,120,0,77,15,63
13:54,3.7966,17.36,120,0,77,15,63
13:55,3.8015,17.36,120,0,77,15,63
13:56,3.8071,17.36,120,0,77,15,63
13:57,3.8102,17.36,122,0,78,15,63
13:58,3.8158,17.58,122,0,78,15,63
13:59,3.8214,17.58,120,0,77,15,63
14:00,3.8245,17.36,120,0,77,15,63
14:01,3.8295,17.58,122,0,78,15,63
14:02,3.8351,17.58,122,0,78,15,63
14:03,3.8401,17.58,122,0,78,15,63
14:04,3.8438,17.58,120,0,77,15,63
14:05,3.8488,17.36,120,0,77,15,63
14:06,3.8544,17.36,120,0,77,15,63
14:07,3.8581,17.36,120,0,77,15,63
14:08,3.8631,17.58,122,0,78,15,63
14:09,3.8687,17.58,122,0,78,15,63
14:10,3.8724,17.58,122,0,78,15,63
14:11,3.878,17.58,122,0,78,15,63
14:12,3.8829,17.58,122,0,78,15,63
14:13,3.8867,17.58,122,0,78,15,63
14:14,3.8923,17.58,125,0,79,15,63
14:15,3.8979,17.81,122,0,78,15,63
14:16,3.9022,17.58,122,0,78,15,63
14:17,3.9059,17.58,122,0,78,15,63
14:18,3.9115,17.58,122,0,78,15,63
14:19,3.9171,17.58,122,0,78,15,63
14:20,3.9209,17.58,125,0,79,15,63
14:21,3.9258,17.81,125,0,79,15,63
14:22,3.9314,17.81,125,0,79,15,63
14:23,3.9351,17.81,125,0,79,15,63
14:24,3.9407,17.81,125,0,79,15,63
14:25,3.9463,17.81,125,0,79,15,63
14:26,3.9501,17.81,125,0,79,15,63
14:27,3.955,17.81,125,0,79,15,63
14:28,3.96,17.58,122,0,78,15,63
14:29,3.9662,17.58,122,0,78,15,63
14:30,3.9693,17.58,122,0,78,15,63
14:31,3.9749,17.58,125,0,79,15,63
14:32,3.9799,17.81,125,0,79,15,63
14:33,3.9836,17.81,125,0,79,15,63
14:34,3.9886,17.58,122,0,78,15,63
14:35,3.9942,17.58,122,0,78,15,63
14:36,3.9979,17.58,122,0,78,15,63
14:37,4.0029,17.58,122,0,78,15,63
14:38,4.0085,17.58,122,0,78,15,63
14:39,4.0141,17.58,122,0,78,15,63
14:40,4.0178,17.58,122,0,78,15,63
14:41,4.0221,17.81,125,0,79,15,63
14:42,4.0277,17.81,125,0,79,15,63
14:43,4.0315,17.81,125,0,79,15,63
14:44,4.037,17.81,125,0,79,15,63
14:45,4.0426,17.81,125,0,79,15,63
14:46,4.0457,17.81,122,0,78,15,63
14:47,4.0513,17.58,122,0,78,15,63
14:48,4.0569,17.58,122,0,78,15,63
14:49,4.06,17.58,122,0,78,15,63
14:50,4.0656,17.58,122,0,78,15,63
14:51,4.0712,17.58,122,0,78,15,63
14:52,4.0768,17.58,122,0,78,15,63
14:53,4.0799,17.58,122,0,78,15,63
14:54,4.0849,17.36,120,0,77,15,63
14:55,4.0905,17.36,120,0,77,15,63
14:56,4.0936,17.36,120,0,77,15,63
14:57,4.0992,17.36,122,0,78,15,63
14:58,4.1048,17.58,120,0,77,15,63
14:59,4.1091,17.36,120,0,77,15,63
15:00,4.1129,17.36,120,0,77,15,63
15:01,4.1178,17.36,122,0,78,15,63
15:02,4.1234,17.58,125,0,79,15,63
15:03,4.1265,17.81,125,0,79,15,63
15:04,4.1321,17.81,125,0,79,15,63
15:05,4.1371,17.81,127,0,80,15,63
15:06,4.1408,18.03,127,0,80,15,63
15:07,4.1464,18.03,127,0,80,15,63
15:08,4.152,18.03,127,0,80,15,63
15:09,4.1576,17.81,125,0,79,15,63
15:10,4.1607,17.81,125,0,79,15,63
15:11,4.1657,17.58,122,0,78,15,63
15:12,4.1713,17.58,122,0,78,15,63
15:13,4.175,17.58,122,0,78,15,63
15:14,4.18,17.36,120,0,77,15,63
15:15,4.1849,17.36,120,0,77,15,63
15:16,4.1905,17.36,122,0,78,15,63
15:17,4.1943,17.58,122,0,78,15,63
15:18,4.1992,17.58,122,0,78,15,63
15:19,4.2048,17.58,122,0,78,15,63
15:20,4.2085,17.58,122,0,78,15,63
15:21,4.2141,17.58,122,0,78,15,63
15:22,4.2191,17.58,122,0,78,15,63
15:23,4.2228,17.58,122,0,78,15,63
15:24,4.2284,17.58,122,0,78,15,63
15:25,4.234,17.58,122,0,78,15,63
15:26,4.239,17.36,120,0,77,15,63
15:27,4.2421,17.36,120,0,77,15,63
15:28,4.2477,17.36,122,0,78,15,63
15:29,4.2527,17.58,125,0,79,15,63
15:30,4.2558,17.81,125,0,79,15,63
15:31,4.2614,17.81,122,0,78,15,63
15:32,4.2663,17.58,122,0,78,15,63
15:33,4.2713,17.58,122,0,78,15,63
15:34,4.275,17.58,122,0,78,15,63
15:35,4.2806,17.58,122,0,78,15,63
15:36,4.2856,17.36,120,0,77,15,63
15:37,4.2893,17.36,120,0,77,15,63
15:38,4.2943,17.36,120,0,77,15,63
15:39,4.2999,17.58,122,0,78,15,63
15:40,4.3049,17.58,122,0,78,15,63
15:41,4.3086,17.58,122,0,78,15,63
15:42,4.3142,17.58,122,0,78,15,63
15:43,4.3198,17.58,120,0,77,15,63
15:44,4.3229,17.36,120,0,77,15,63
15:45,4.3285,17.36,120,0,77,15,63
15:46,4.3334,17.58,122,0,78,15,63
15:47,4.3365,17.58,120,0,77,15,63
15:48,4.3421,17.36,120,0,77,15,63
15:49,4.3471,17.36,122,0,78,15,63
15:50,4.3527,17.58,122,0,78,15,63
15:51,4.3558,17.58,125,0,79,15,63
15:52,4.3608,17.81,122,0,78,15,63
15:53,4.3658,17.36,120,0,77,15,63
15:54,4.3689,17.36,120,0,77,15,63
15:55,4.3745,17.36,120,0,77,15,63
15:56,4.3794,17.36,120,0,77,15,63
15:57,4.3832,17.36,120,0,77,15,63
15:58,4.3881,17.58,125,0,79,15,63
15:59,4.3931,17.81,122,0,78,15,63
16:00,4.3962,17.58,122,0,78,15,63
16:01,4.4005,17.58,122,0,78,15,63
16:02,4.4061,17.58,122,0,78,15,63
16:03,4.4111,17.58,122,0,78,15,63
16:04,4.4155,17.58,122,0,78,15,63
16:05,4.4204,17.58,122,0,78,15,63
16:06,4.4242,17.58,120,0,77,15,63
16:07,4.4291,17.36,120,0,77,15,63
16:08,4.4347,17.36,120,0,77,15,63
16:09,4.4397,17.36,122,0,78,15,63
16:10,4.4434,17.58,122,0,78,15,63
16:11,4.449,17.58,122,0,78,15,63
16:12,4.4546,17.58,122,0,78,15,63
16:13,4.4577,17.58,122,0,78,15,63
16:14,4.4633,17.58,122,0,78,15,63
16:15,4.4689,17.58,122,0,78,15,63
16:16,4.4739,17.58,125,0,79,15,63
16:17,4.4782,17.81,125,0,79,15,63
16:18,4.4832,17.58,122,0,78,15,63
16:19,4.4882,17.58,122,0,78,15,63
16:20,4.4919,17.58,122,0,78,15,63
16:21,4.4975,17.58,122,0,78,15,63
16:22,4.5025,17.58,122,0,78,15,63
16:23,4.5062,17.58,122,0,78,15,63
16:24,4.5118,17.58,122,0,78,15,63
16:25,4.5174,17.58,122,0,78,15,63
16:26,4.5223,17.58,122,0,78,15,63
16:27,4.5261,17.58,122,0,78,15,63
16:28,4.5317,17.58,122,0,78,15,63
16:29,4.5373,17.58,122,0,78,15,63
16:30,4.541,17.58,122,0,78,15,63
16:31,4.546,17.58,122,0,78,15,63
16:32,4.5515,17.81,125,0,79,15,63
16:33,4.5553,17.81,125,0,79,15,63
16:34,4.5609,17.81,125,0,79,15,63
16:35,4.5658,17.81,125,0,79,15,63
16:36,4.5714,17.81,125,0,79,15,63
16:37,4.5752,17.81,125,0,79,15,63
16:38,4.5807,17.81,125,0,79,15,63
16:39,4.5863,17.81,125,0,79,15,63
16:40,4.5894,17.81,125,0,79,15,63
16:41,4.5957,17.81,125,0,79,15,63
16:42,4.6006,17.58,122,0,78,15,63
16:43,4.6037,17.58,125,0,79,15,63
16:44,4.6093,17.81,125,0,79,15,63
16:45,4.6149,17.81,122,0,78,15,63
16:46,4.6193,17.58,122,0,78,15,63
16:47,4.623,17.58,122,0,78,15,63
16:48,4.6286,17.58,122,0,78,15,63
16:49,4.6342,17.58,122,0,78,15,63
16:50,4.6373,17.58,122,0,78,15,63
16:51,4.6429,17.58,122,0,78,15,63
16:52,4.6485,17.58,125,0,79,15,63
16:53,4.6541,17.81,125,0,79,15,63
16:54,4.6572,17.81,125,0,79,15,63
16:55,4.6628,17.81,125,0,79,15,63
16:56,4.6684,17.81,125,0,79,15,63
16:57,4.6715,17.81,122,0,78,15,63
16:58,4.6771,17.58,122,0,78,15,63
16:59,4.682,17.58,122,0,78,15,63
17:00,4.6876,17.58,122,0,78,15,63
17:01,4.6914,17.58,122,0,78,15,63
17:02,4.6963,17.58,122,0,78,15,63
17:03,4.7025,17.58,122,0,78,15,63
17:04,4.7056,17.58,122,0,78,15,63
17:05,4.7106,16.71,101,0,78,14,58
17:06,4.7156,16.71,99,0,77,14,58
17:07,4.7187,16.49,101,0,78,14,58
17:08,4.7237,16.71,101,0,78,14,58
17:09,4.7293,16.71,101,0,78,14,58
17:10,4.7342,16.71,101,0,78,14,58
17:11,4.7373,16.71,101,0,78,14,58
17:12,4.7423,16.71,101,0,78,14,58
17:13,4.7479,16.71,101,0,78,14,58
17:14,4.751,16.71,101,0,78,14,58
17:15,4.756,16.49,99,0,77,14,58
17:16,4.7609,16.06,97,0,76,14,58
17:17,4.7634,16.27,99,0,77,14,58
17:18,4.7684,16.71,101,0,78,14,58
17:19,4.7734,16.71,104,0,79,14,58
17:20,4.7771,16.92,104,0,79,14,58
17:21,4.7814,16.71,101,0,78,14,58
17:22,4.7864,16.27,97,0,76,14,58
17:23,4.7889,16.06,97,0,76,14,58
17:24,4.7939,16.27,97,0,76,14,58
17:25,4.7988,16.27,99,0,77,14,58
17:26,4.8013,16.49,101,0,78,14,58
17:27,4.8063,16.92,104,0,79,14,58
17:28,4.81,16.49,97,0,76,14,58
17:29,4.8131,16.49,97,0,76,14,58
17:30,4.8181,16.27,99,0,77,14,58
17:31,4.8231,16.49,97,0,76,14,58
17:32,4.8262,16.27,97,0,76,14,58
17:33,4.8312,16.27,97,0,76,14,58
17:34,4.8361,16.27,99,0,77,14,58
17:35,4.8386,16.49,101,0,78,14,58
17:36,4.8436,16.71,101,0,78,14,58
17:37,4.8492,16.71,101,0,78,14,58
17:38,4.8529,16.71,101,0,78,14,58
17:39,4.8579,16.92,104,0,79,14,58
17:40,4.8628,16.92,104,0,79,14,58
17:41,4.8666,16.92,104,0,79,14,58
17:42,4.8715,16.92,104,0,79,14,58
17:43,4.8765,16.92,104,0,79,14,58
17:44,4.8821,16.92,104,0,79,14,58
17:45,4.8852,16.92,104,0,79,14,58
17:46,4.8902,16.71,101,0,78,14,58
17:47,4.8952,16.71,101,0,78,14,58
17:48,4.8989,16.71,101,0,78,14,58
17:49,4.9039,16.71,104,0,79,14,58
17:50,4.9088,16.92,104,0,79,14,58
17:51,4.9126,16.92,104,0,79,14,58
17:52,4.9182,16.92,104,0,79,14,58
17:53,4.9231,16.92,104,0,79,14,58
17:54,4.9281,17.14,106,0,80,14,58
17:55,4.9318,17.14,106,0,80,14,58
17:56,4.9368,17.14,106,0,80,14,58
17:57,4.9424,17.14,106,0,80,14,58
17:58,4.9474,17.14,106,0,80,14,58
17:59,4.9511,17.14,106,0,80,14,58
18:00,4.9561,17.14,104,0,79,14,58
18:01,4.961,16.92,101,0,78,14,58
18:02,4.9641,16.71,101,0,78,14,58
18:03,4.9691,16.71,101,0,78,14,58
18:04,4.9741,16.71,104,0,79,14,58
18:05,4.9778,16.92,104,0,79,14,58
18:06,4.9828,16.92,104,0,79,14,58
18:07,4.9877,16.92,104,0,79,14,58
18:08,4.9933,16.92,104,0,79,14,58
18:09,4.9964,16.92,104,0,79,14,58
18:10,5.0014,16.71,101,0,78,14,58
18:11,5.0064,16.71,104,0,79,14,58
18:12,5.0101,16.92,104,0,79,14,58
18:13,5.0151,17.14,106,0,80,14,58
18:14,5.0201,16.92,104,0,79,14,58
18:15,5.0232,16.92,101,0,78,14,58
18:16,5.0288,16.71,101,0,78,14,58
18:17,5.0337,16.71,99,0,77,14,58
18:18,5.0362,16.49,101,0,78,14,58
18:19,5.0412,16.71,101,0,78,14,58
18:20,5.0462,16.71,101,0,78,14,58
18:21,5.0511,16.92,104,0,79,14,58
18:22,5.0549,16.71,104,0,79,14,58
18:23,5.0598,16.71,99,0,77,14,58
18:24,5.0623,16.49,99,0,77,14,58
18:25,5.0679,16.49,101,0,78,14,58
18:26,5.0723,16.71,101,0,78,14,58
18:27,5.0772,16.71,101,0,78,14,58
18:28,5.081,16.71,101,0,78,14,58
18:29,5.0859,16.71,104,0,79,14,58
18:30,5.0909,16.92,104,0,79,14,58
18:31,5.094,16.92,104,0,79,14,58
18:32,5.099,16.92,104,0,79,14,58
18:33,5.1039,16.71,101,0,78,14,58
18:34,5.1095,16.71,101,0,78,14,58
18:35,5.1126,16.71,101,0,78,14,58
18:36,5.1182,16.71,101,0,78,14,58
18:37,5.1226,16.92,104,0,79,14,58
18:38,5.1263,16.92,104,0,79,14,58
18:39,5.1313,16.92,104,0,79,14,58
18:40,5.1369,16.92,104,0,79,14,58
18:41,5.14,16.92,104,0,79,14,58
18:42,5.145,16.92,104,0,79,14,58
18:43,5.1505,16.92,104,0,79,14,58
18:44,5.1555,16.92,104,0,79,14,58
18:45,5.1586,16.92,101,0,78,14,58
18:46,5.1636,16.71,101,0,78,14,58
18:47,5.1686,16.92,104,0,79,14,58
18:48,5.1735,16.92,104,0,79,14,58
18:49,5.1773,16.92,104,0,79,14,58
18:50,5.1822,16.92,104,0,79,14,58
18:51,5.1872,17.14,106,0,80,14,58
18:52,5.1903,16.92,106,0,80,14,58
18:53,5.1959,16.92,106,0,80,14,58
18:54,5.2003,16.71,101,0,78,14,58
18:55,5.204,16.71,101,0,78,14,58
18:56,5.209,16.71,101,0,78,14,58
18:57,5.2139,16.71,101,0,78,14,58
18:58,5.2177,16.71,101,0,78,14,58
18:59,5.2226,16.71,101,0,78,14,58
19:00,5.2282,16.71,101,0,78,14,58
19:01,5.2313,16.71,101,0,78,14,58
19:02,5.2369,16.92,104,0,79,14,58
19:03,5.2419,16.92,104,0,79,14,58
19:04,5.2469,16.92,104,0,79,14,58
19:05,5.2506,16.92,104,0,79,14,58
19:06,5.2556,16.92,104,0,79,14,58
19:07,5.2605,16.92,104,0,79,14,58
19:08,5.2643,16.92,104,0,79,14,58
19:09,5.2692,16.92,104,0,79,14,58
19:10,5.2748,16.71,101,0,78,14,58
19:11,5.2798,16.71,101,0,78,14,58
19:12,5.2835,16.71,104,0,79,14,58
19:13,5.2879,16.92,106,0,80,14,58
19:14,5.2928,17.14,106,0,80,14,58
19:15,5.2966,17.14,108,0,81,14,58
19:16,5.3015,17.34,106,0,80,14,58
19:17,5.3065,17.14,104,0,79,14,58
19:18,5.3096,16.92,104,0,79,14,58
19:19,5.3146,16.71,101,0,78,14,58
19:20,5.3196,16.49,101,0,78,14,58
19:21,5.3227,16.49,101,0,78,14,58
19:22,5.3276,16.71,101,0,78,14,58
19:23,5.3326,16.71,101,0,78,14,58
19:24,5.3363,16.71,101,0,78,14,58
19:25,5.3413,16.71,104,0,79,14,58
19:26,5.3463,16.92,104,0,79,14,58
19:27,5.3519,16.92,101,0,78,14,58
19:28,5.355,16.71,101,0,78,14,58
19:29,5.3599,16.71,101,0,78,14,58
19:30,5.3655,16.71,101,0,78,14,58
19:31,5.3686,16.71,101,0,78,14,58
19:32,5.3736,16.71,101,0,78,14,58
19:33,5.3786,16.71,99,0,77,14,58
19:34,5.3817,16.49,101,0,78,14,58
19:35,5.3867,16.71,104,0,79,14,58
19:36,5.3923,16.92,104,0,79,14,58
19:37,5.3954,16.92,104,0,79,14,58
19:38,5.4003,16.92,104,0,79,14,58
19:39,5.4059,16.92,104,0,79,14,58
19:40,5.4109,16.92,104,0,79,14,58
19:41,5.4146,16.92,104,0,79,14,58
19:42,5.4196,16.92,104,0,79,14,58
19:43,5.4246,16.92,104,0,79,14,58
19:44,5.4302,16.92,104,0,79,14,58
19:45,5.4333,16.92,104,0,79,14,58
19:46,5.4389,16.92,104,0,79,14,58
19:47,5.442,16.92,104,0,79,14,58
19:48,5.4482,16.92,104,0,79,14,58
19:49,5.4532,16.71,104,0,79,14,58
19:50,5.4563,16.92,104,0,79,14,58
19:51,5.4619,16.92,101,0,78,14,58
19:52,5.4668,16.71,101,0,78,14,58
19:53,5.4699,16.71,101,0,78,14,58
19:54,5.4743,16.71,101,0,78,14,58
19:55,5.4792,16.71,101,0,78,14,58
19:56,5.483,16.71,101,0,78,14,58
19:57,5.4879,16.71,101,0,78,14,58
19:58,5.4929,16.71,101,0,78,14,58
19:59,5.4985,16.71,101,0,78,14,58
20:00,5.5016,16.71,101,0,78,14,58
20:01,5.5066,16.49,99,0,77,14,58
20:02,5.5116,16.49,101,0,78,14,58
20:03,5.5153,16.71,101,0,78,14,58
20:04,5.5203,16.71,101,0,78,14,58
20:05,5.5252,17.58,122,0,78,15,63
20:06,5.5302,17.58,122,0,78,15,63
20:07,5.5339,17.58,122,0,78,15,63
20:08,5.5395,17.58,122,0,78,15,63
20:09,5.5445,17.58,122,0,78,15,63
20:10,5.5482,17.58,120,0,77,15,63
20:11,5.5538,17.36,120,0,77,15,63
20:12,5.5588,17.58,122,0,78,15,63
20:13,5.5638,17.58,122,0,78,15,63
20:14,5.5675,17.58,122,0,78,15,63
20:15,5.5731,17.58,122,0,78,15,63
20:16,5.578,17.58,122,0,78,15,63
20:17,5.5818,17.58,125,0,79,15,63
20:18,5.5874,17.81,125,0,79,15,63
20:19,5.593,17.81,125,0,79,15,63
20:20,5.5979,17.81,122,0,78,15,63
20:21,5.601,17.58,122,0,78,15,63
20:22,5.6066,17.58,122,0,78,15,63
20:23,5.6122,17.58,122,0,78,15,63
20:24,5.616,17.58,122,0,78,15,63
20:25,5.6215,17.58,122,0,78,15,63
20:26,5.6265,17.81,125,0,79,15,63
20:27,5.6302,17.81,125,0,79,15,63
20:28,5.6358,17.81,125,0,79,15,63
20:29,5.6414,17.81,125,0,79,15,63
20:30,5.6464,17.81,125,0,79,15,63
20:31,5.6501,17.81,125,0,79,15,63
20:32,5.6557,17.81,125,0,79,15,63
20:33,5.6613,17.81,125,0,79,15,63
20:34,5.6644,17.81,122,0,78,15,63
20:35,5.67,17.58,125,0,79,15,63
20:36,5.6744,17.81,125,0,79,15,63
20:37,5.6793,17.81,125,0,79,15,63
20:38,5.6824,17.81,125,0,79,15,63
20:39,5.688,18.03,127,0,80,15,63
20:40,5.693,18.03,125,0,79,15,63
20:41,5.6967,17.81,125,0,79,15,63
20:42,5.7023,17.81,125,0,79,15,63
20:43,5.7079,17.81,125,0,79,15,63
20:44,5.7129,17.81,127,0,80,15,63
20:45,5.7166,18.03,127,0,80,15,63
20:46,5.7222,18.03,125,0,79,15,63
20:47,5.7272,17.81,122,0,78,15,63
20:48,5.7309,17.58,122,0,78,15,63
20:49,5.7359,17.58,122,0,78,15,63
20:50,5.7415,17.58,122,0,78,15,63
20:51,5.7452,17.58,122,0,78,15,63
20:52,5.7502,17.58,120,0,77,15,63
20:53,5.7551,17.58,122,0,78,15,63
20:54,5.7589,17.58,122,0,78,15,63
20:55,5.7638,17.81,125,0,79,15,63
20:56,5.7694,17.81,122,0,78,15,63
20:57,5.7725,17.58,122,0,78,15,63
20:58,5.7781,17.58,122,0,78,15,63
20:59,5.7831,17.58,122,0,78,15,63
21:00,5.7887,17.58,122,0,78,15,63
21:01,5.7924,17.58,122,0,78,15,63
21:02,5.7974,17.58,122,0,78,15,63
21:03,5.803,17.58,125,0,79,15,63
21:04,5.8067,17.81,125,0,79,15,63
21:05,5.8117,17.58,122,0,78,15,63
21:06,5.8167,17.58,122,0,78,15,63
21:07,5.8222,17.58,122,0,78,15,63
21:08,5.826,17.58,122,0,78,15,63
21:09,5.8316,17.58,122,0,78,15,63
21:10,5.8372,17.58,122,0,78,15,63
21:11,5.8409,17.58,122,0,78,15,63
21:12,5.8459,17.58,122,0,78,15,63
21:13,5.8515,17.58,122,0,78,15,63
21:14,5.8552,17.58,122,0,78,15,63
21:15,5.8601,17.58,122,0,78,15,63
21:16,5.8657,17.58,122,0,78,15,63
21:17,5.8713,17.58,122,0,78,15,63
21:18,5.8744,17.58,122,0,78,15,63
21:19,5.88,17.58,122,0,78,15,63
21:20,5.8856,17.58,122,0,78,15,63
21:21,5.8894,17.58,122,0,78,15,63
21:22,5.8943,17.58,122,0,78,15,63
21:23,5.8999,17.58,125,0,79,15,63
21:24,5.9049,17.81,125,0,79,15,63
21:25,5.9086,17.81,125,0,79,15,63
21:26,5.9136,17.58,122,0,78,15,63
21:27,5.9192,17.58,125,0,79,15,63
21:28,5.9223,17.81,125,0,79,15,63
21:29,5.9273,17.58,122,0,78,15,63
21:30,5.9329,17.58,122,0,78,15,63
21:31,5.936,17.58,122,0,78,15,63
21:32,5.9415,17.58,122,0,78,15,63
21:33,5.9471,17.81,125,0,79,15,63
21:34,5.9521,17.81,125,0,79,15,63
21:35,5.9558,17.81,125,0,79,15,63
21:36,5.9614,17.81,125,0,79,15,63
21:37,5.967,17.81,125,0,79,15,63
21:38,5.9708,17.81,125,0,79,15,63
21:39,5.9763,17.81,125,0,79,15,63
21:40,5.9813,17.81,125,0,79,15,63
21:41,5.9869,17.81,125,0,79,15,63
21:42,5.9906,17.81,125,0,79,15,63
21:43,5.9962,17.81,125,0,79,15,63
21:44,6.0012,17.81,125,0,79,15,63
21:45,6.0056,17.81,125,0,79,15,63
21:46,6.0111,17.81,125,0,79,15,63
21:47,6.0167,17.81,127,0,80,15,63
21:48,6.0198,18.03,127,0,80,15,63
21:49,6.0254,18.03,127,0,80,15,63
21:50,6.031,17.81,125,0,79,15,63
21:51,6.036,17.81,125,0,79,15,63
21:52,6.0397,17.81,125,0,79,15,63
21:53,6.0453,17.81,125,0,79,15,63
21:54,6.0509,18.03,127,0,80,15,63
21:55,6.054,18.03,127,0,80,15,63
21:56,6.0596,18.03,127,0,80,15,63
21:57,6.0652,18.03,127,0,80,15,63
21:58,6.0689,18.03,127,0,80,15,63
21:59,6.0745,18.03,125,0,79,15,63
22:00,6.0801,17.81,125,0,79,15,63
22:01,6.0851,17.81,122,0,78,15,63
22:02,6.0882,17.58,122,0,78,15,63
22:03,6.0938,17.58,122,0,78,15,63
22:04,6.0994,17.58,122,0,78,15,63
22:05,6.1025,17.58,122,0,78,15,63
22:06,6.1081,17.58,122,0,78,15,63
22:07,6.1137,17.58,122,0,78,15,63
22:08,6.1174,17.58,122,0,78,15,63
22:09,6.1224,17.81,125,0,79,15,63
22:10,6.1273,17.58,125,0,79,15,63
22:11,6.1323,17.81,125,0,79,15,63
22:12,6.1354,17.81,125,0,79,15,63
22:13,6.141,17.81,125,0,79,15,63
22:14,6.1466,17.81,125,0,79,15,63
22:15,6.1503,17.81,125,0,79,15,63
22:16,6.1553,17.58,122,0,78,15,63
22:17,6.1603,17.58,122,0,78,15,63
22:18,6.1659,17.58,122,0,78,15,63
22:19,6.1696,17.58,122,0,78,15,63
22:20,6.1752,17.58,122,0,78,15,63
22:21,6.1808,17.58,122,0,78,15,63
22:22,6.1839,17.58,122,0,78,15,63
22:23,6.1895,17.58,122,0,78,15,63
22:24,6.1951,17.58,122,0,78,15,63
22:25,6.1988,17.58,122,0,78,15,63
22:26,6.2038,17.58,122,0,78,15,63
22:27,6.2094,17.58,122,0,78,15,63
22:28,6.215,17.58,122,0,78,15,63
22:29,6.2187,17.58,122,0,78,15,63
22:30,6.2237,17.58,122,0,78,15,63
22:31,6.2292,17.58,122,0,78,15,63
22:32,6.2324,17.58,120,0,77,15,63
22:33,6.2379,17.36,120,0,77,15,63
22:34,6.2429,17.58,122,0,78,15,63
22:35,6.246,17.58,125,0,79,15,63
22:36,6.2516,17.81,125,0,79,15,63
22:37,6.2572,17.81,125,0,79,15,63
22:38,6.2628,17.81,125,0,79,15,63
22:39,6.2659,17.81,125,0,79,15,63
22:40,6.2709,17.58,122,0,78,15,63
22:41,6.2758,17.81,125,0,79,15,63
22:42,6.2796,17.81,125,0,79,15,63
22:43,6.2852,17.81,125,0,79,15,63
22:44,6.2908,17.81,125,0,79,15,63
22:45,6.2945,17.81,125,0,79,15,63
22:46,6.3001,17.81,125,0,79,15,63
22:47,6.3057,17.81,125,0,79,15,63
22:48,6.3106,17.81,125,0,79,15,63
22:49,6.3144,17.81,122,0,78,15,63
22:50,6.3193,17.58,122,0,78,15,63
22:51,6.3249,17.58,122,0,78,15,63
22:52,6.3287,17.58,122,0,78,15,63
22:53,6.3336,17.81,125,0,79,15,63
22:54,6.3392,17.81,125,0,79,15,63
22:55,6.343,17.81,125,0,79,15,63
22:56,6.3485,17.81,125,0,79,15,63
22:57,6.3541,17.81,125,0,79,15,63
22:58,6.3579,17.81,125,0,79,15,63
22:59,6.3628,17.58,122,0,78,15,63
23:00,6.3678,17.58,122,0,78,15,63
23:01,6.3734,17.58,125,0,79,15,63
23:02,6.3765,17.81,125,0,79,15,63
23:03,6.3821,17.81,125,0,79,15,63
23:04,6.3877,17.81,125,0,79,15,63
23:05,6.3914,17.81,125,0,79,15,63
23:06,6.397,17.81,125,0,79,15,63
23:07,6.402,17.81,125,0,79,15,63
23:08,6.4076,17.81,125,0,79,15,63
23:09,6.4113,17.81,125,0,79,15,63
23:10,6.4169,17.81,125,0,79,15,63
23:11,6.4225,17.81,125,0,79,15,63
23:12,6.4256,17.81,122,0,78,15,63
23:13,6.4312,17.58,122,0,78,15,63
23:14,6.4362,17.81,125,0,79,15,63
23:15,6.4411,17.81,125,0,79,15,63
23:16,6.4449,17.81,125,0,79,15,63
23:17,6.4505,17.81,125,0,79,15,63
23:18,6.456,17.81,122,0,78,15,63
23:19,6.4592,17.58,122,0,78,15,63
23:20,6.4647,17.58,122,0,78,15,63
23:21,6.4697,17.81,125,0,79,15,63
23:22,6.4734,17.81,125,0,79,15,63
23:23,6.4784,17.58,122,0,78,15,63
23:24,6.4834,17.58,122,0,78,15,63
23:25,6.489,17.58,125,0,79,15,63
23:26,6.4921,17.81,125,0,79,15,63
23:27,6.4977,17.81,125,0,79,15,63
23:28,6.5033,17.81,122,0,78,15,63
23:29,6.5064,17.58,122,0,78,15,63
23:30,6.512,17.58,122,0,78,15,63
23:31,6.5176,17.58,122,0,78,15,63
23:32,6.5213,17.58,122,0,78,15,63
23:33,6.5263,17.58,122,0,78,15,63
23:34,6.5319,17.58,122,0,78,15,63
23:35,6.5374,17.58,125,0,79,15,63
23:36,6.5412,17.81,125,0,79,15,63
23:37,6.5461,17.81,125,0,79,15,63
23:38,6.5517,17.81,125,0,79,15,63
23:39,6.5555,17.81,125,0,79,15,63
23:40,6.5604,17.58,122,0,78,15,63
23:41,6.5654,17.36,122,0,78,15,63
23:42,6.5691,17.36,122,0,78,15,63
23:43,6.5747,17.36,117,0,76,15,63
23:44,6.5797,17.14,115,0,75,15,63
23:45,6.5828,16.91,115,0,75,15,63
23:46,6.5878,16.91,115,0,75,15,63
23:47,6.5934,16.91,115,0,75,15,63
23:48,6.5965,16.91,117,0,76,15,63
23:49,6.6014,17.36,120,0,77,15,63
23:50,6.6064,17.36,120,0,77,15,63
23:51,6.612,17.36,120,0,77,15,63
23:52,6.6157,17.36,120,0,77,15,63
23:53,6.6207,17.36,117,0,76,15,63
23:54,6.6257,17.14,117,0,76,15,63
23:55,6.6294,17.14,117,0,76,15,63
23:56,6.6344,17.14,120,0,77,15,63
23:57,6.6393,17.36,120,0,77,15,63
23:58,6.6425,17.36,122,0,78,15,63
23:59,6.648,17.58,122,0,78,15,63
24:00:00,6.653,17.58,122,0,78,15,63
24:01:00,6.6586,17.58,122,0,78,15,63
24:02:00,6.6623,17.58,122,0,78,15,63
24:03:00,6.6673,17.81,125,0,79,15,63
24:04:00,6.6729,17.81,125,0,79,15,63
24:05:00,6.6779,17.81,101,0,78,14,58
24:06:00,6.6816,16.71,97,0,76,14,58
24:07:00,6.686,16.27,95,0,75,14,58
24:08:00,6.6891,16.27,95,0,75,14,58
24:09:00,6.6934,16.49,99,0,77,14,58
24:10:00,6.6984,16.49,99,0,77,14,58
24:11:00,6.7034,16.49,97,0,76,14,58
24:12:00,6.7065,16.27,97,0,76,14,58
24:13:00,6.7114,16.06,95,0,75,14,58
24:14:00,6.7158,16.06,95,0,75,14,58
24:15:00,6.7189,16.06,99,0,77,14,58
24:16:00,6.7239,16.71,101,0,78,14,58
24:17:00,6.7288,16.71,99,0,77,14,58
24:18:00,6.7313,16.49,97,0,76,14,58
24:19:00,6.7363,16.27,95,0,75,14,58
24:20:00,6.7413,16.27,95,0,75,14,58
24:21:00,6.7456,16.27,97,0,76,14,58
24:22:00,6.7487,16.27,97,0,76,14,58
24:23:00,6.7537,16.27,99,0,77,14,58
24:24:00,6.7587,16.49,99,0,77,14,58
24:25:00,6.7618,16.49,101,0,78,14,58
24:26:00,6.7667,16.71,99,0,77,14,58
24:27:00,6.7723,16.49,99,0,77,14,58
24:28:00,6.7754,16.49,99,0,77,14,58
24:29:00,6.7804,16.71,104,0,79,14,58
24:30:00,6.7847,17.34,108,0,81,14,58
24:31:00,6.7885,17.34,108,0,81,14,58
24:32:00,6.7928,17.14,106,0,80,14,58
24:33:00,6.7978,17.14,106,0,80,14,58
24:34:00,6.8028,17.14,106,0,80,14,58
24:35:00,6.8059,16.92,106,0,80,14,58
24:36:00,6.8108,16.71,101,0,78,14,58
24:37:00,6.8152,16.49,97,0,76,14,58
24:38:00,6.8183,16.06,93,0,74,14,58
24:39:00,6.8233,15.84,93,0,74,14,58
24:40:00,6.8264,15.84,95,0,75,14,58
24:41:00,6.8307,16.27,97,0,76,14,58
24:42:00,6.8357,16.27,97,0,76,14,58
24:43:00,6.8407,16.49,99,0,77,14,58
24:44:00,6.8444,16.49,99,0,77,14,58
24:45:00,6.8494,16.49,99,0,77,14,58
24:46:00,6.8543,16.49,99,0,77,14,58
24:47:00,6.8575,16.49,99,0,77,14,58
24:48:00,6.863,16.49,99,0,77,14,58
24:49:00,6.868,16.49,99,0,77,14,58
24:50:00,6.873,16.49,101,0,78,14,58
24:51:00,6.8761,16.71,101,0,78,14,58
24:52:00,6.8817,16.71,99,0,77,14,58
24:53:00,6.886,16.49,99,0,77,14,58
24:54:00,6.8891,16.49,99,0,77,14,58
24:55:00,6.8941,16.71,101,0,78,14,58
24:56:00,6.8991,16.71,101,0,78,14,58
24:57:00,6.9022,16.71,99,0,77,14,58
24:58:00,6.9072,16.49,99,0,77,14,58
24:59:00,6.9121,16.49,99,0,77,14,58
25:00:00,6.9171,16.49,99,0,77,14,58
25:01:00,6.9208,16.49,99,0,77,14,58
25:02:00,6.9258,16.49,99,0,77,14,58
25:03:00,6.9308,16.49,99,0,77,14,58
25:04:00,6.9345,16.49,99,0,77,14,58
25:05:00,6.9395,16.71,101,0,78,14,58
25:06:00,6.9444,16.71,101,0,78,14,58
25:07:00,6.9482,16.71,101,0,78,14,58
25:08:00,6.9531,16.71,101,0,78,14,58
25:09:00,6.9581,16.71,101,0,78,14,58
25:10:00,6.9631,16.71,101,0,78,14,58
25:11:00,6.9668,16.71,101,0,78,14,58
25:12:00,6.9718,16.71,101,0,78,14,58
25:13:00,6.9768,16.71,101,0,78,14,58
25:14:00,6.9805,16.71,101,0,78,14,58
25:15:00,6.9855,16.71,101,0,78,14,58
25:16:00,6.9904,16.71,101,0,78,14,58
25:17:00,6.996,16.71,101,0,78,14,58
25:18:00,6.9991,16.71,101,0,78,14,58
25:19:00,7.0041,16.71,101,0,78,14,58
25:20:00,7.0091,16.71,101,0,78,14,58
25:21:00,7.0128,16.71,101,0,78,14,58
25:22:00,7.0178,16.71,101,0,78,14,58
25:23:00,7.0221,16.71,101,0,78,14,58
25:24:00,7.0277,16.71,101,0,78,14,58
25:25:00,7.0308,16.71,101,0,78,14,58
25:26:00,7.0358,16.71,101,0,78,14,58
25:27:00,7.0414,16.71,101,0,78,14,58
25:28:00,7.0445,16.71,101,0,78,14,58
25:29:00,7.0495,16.71,101,0,78,14,58
25:30:00,7.055,16.71,101,0,78,14,58
25:31:00,7.06,16.71,101,0,78,14,58
25:32:00,7.0631,16.71,101,0,78,14,58
25:33:00,7.0687,16.71,101,0,78,14,58
25:34:00,7.0737,16.71,101,0,78,14,58
25:35:00,7.0768,16.71,101,0,78,14,58
25:36:00,7.0824,16.71,101,0,78,14,58
25:37:00,7.0874,16.71,101,0,78,14,58
25:38:00,7.0923,16.71,101,0,78,14,58
25:39:00,7.0961,16.71,101,0,78,14,58
25:40:00,7.1004,16.92,104,0,79,14,58
25:41:00,7.1054,16.71,101,0,78,14,58
25:42:00,7.1085,16.71,101,0,78,14,58
25:43:00,7.1141,16.71,104,0,79,14,58
25:44:00,7.1184,16.92,104,0,79,14,58
25:45:00,7.124,16.92,104,0,79,14,58
25:46:00,7.1271,16.92,104,0,79,14,58
25:47:00,7.1327,16.92,104,0,79,14,58
25:48:00,7.1377,16.92,104,0,79,14,58
25:49:00,7.1408,16.92,104,0,79,14,58
25:50:00,7.1464,16.92,104,0,79,14,58
25:51:00,7.1507,16.71,101,0,78,14,58
25:52:00,7.1545,16.71,101,0,78,14,58
25:53:00,7.1594,16.71,101,0,78,14,58
25:54:00,7.1644,16.92,104,0,79,14,58
25:55:00,7.17,16.92,104,0,79,14,58
25:56:00,7.1731,16.92,104,0,79,14,58
25:57:00,7.1781,17.14,106,0,80,14,58
25:58:00,7.183,16.92,104,0,79,14,58
25:59:00,7.1862,16.92,104,0,79,14,58
26:00:00,7.1911,16.71,101,0,78,14,58
26:01:00,7.1967,16.71,101,0,78,14,58
26:02:00,7.2004,16.71,101,0,78,14,58
26:03:00,7.2054,16.71,104,0,79,14,58
26:04:00,7.2098,16.92,104,0,79,14,58
26:05:00,7.2154,16.92,104,0,79,14,58
26:06:00,7.2178,16.92,101,0,78,14,58
26:07:00,7.2234,16.71,101,0,78,14,58
26:08:00,7.2284,16.71,101,0,78,14,58
26:09:00,7.2321,16.71,101,0,78,14,58
26:10:00,7.2371,16.71,101,0,78,14,58
26:11:00,7.2421,16.71,101,0,78,14,58
26:12:00,7.247,16.71,101,0,78,14,58
26:13:00,7.2508,16.71,101,0,78,14,58
26:14:00,7.2564,16.71,101,0,78,14,58
26:15:00,7.2595,16.71,104,0,79,14,58
26:16:00,7.2651,16.92,104,0,79,14,58
26:17:00,7.27,16.92,104,0,79,14,58
26:18:00,7.2744,16.71,101,0,78,14,58
26:19:00,7.2781,16.71,101,0,78,14,58
26:20:00,7.2831,16.71,101,0,78,14,58
26:21:00,7.2881,16.71,101,0,78,14,58
26:22:00,7.2918,16.71,101,0,78,14,58
26:23:00,7.2968,16.71,101,0,78,14,58
26:24:00,7.3017,16.71,101,0,78,14,58
26:25:00,7.3073,16.71,101,0,78,14,58
26:26:00,7.3104,16.71,101,0,78,14,58
26:27:00,7.3154,16.71,101,0,78,14,58
26:28:00,7.321,16.71,101,0,78,14,58
26:29:00,7.3241,16.71,101,0,78,14,58
26:30:00,7.3291,16.71,101,0,78,14,58
26:31:00,7.3347,16.71,104,0,79,14,58
26:32:00,7.339,16.92,104,0,79,14,58
26:33:00,7.3427,16.92,104,0,79,14,58
26:34:00,7.3477,16.92,104,0,79,14,58
26:35:00,7.3527,16.92,104,0,79,14,58
26:36:00,7.3564,16.92,101,0,78,14,58
26:37:00,7.3614,16.71,99,0,77,14,58
26:38:00,7.3664,16.49,99,0,77,14,58
26:39:00,7.3713,16.49,99,0,77,14,58
26:40:00,7.3751,16.49,99,0,77,14,58
26:41:00,7.38,16.49,99,0,77,14,58
26:42:00,7.385,16.49,99,0,77,14,58
26:43:00,7.3881,16.49,99,0,77,14,58
26:44:00,7.3937,16.49,99,0,77,14,58
26:45:00,7.3987,16.49,99,0,77,14,58
26:46:00,7.4036,16.49,99,0,77,14,58
26:47:00,7.4067,16.49,99,0,77,14,58
26:48:00,7.4117,16.49,99,0,77,14,58
26:49:00,7.4173,16.49,99,0,77,14,58
26:50:00,7.4204,16.49,99,0,77,14,58
26:51:00,7.426,16.49,99,0,77,14,58
26:52:00,7.431,16.49,101,0,78,14,58
26:53:00,7.4341,16.71,101,0,78,14,58
26:54:00,7.4391,16.71,101,0,78,14,58
26:55:00,7.444,16.71,101,0,78,14,58
26:56:00,7.449,16.71,101,0,78,14,58
26:57:00,7.4527,16.71,101,0,78,14,58
26:58:00,7.4577,16.71,101,0,78,14,58
26:59:00,7.4627,16.71,104,0,79,14,58
27:00:00,7.4664,16.92,104,0,79,14,58
27:01:00,7.4714,16.92,104,0,79,14,58
27:02:00,7.477,16.92,104,0,79,14,58
27:03:00,7.4819,16.92,125,0,79,15,63
27:04:00,7.4857,17.81,125,0,79,15,63
27:05:00,7.49,17.58,122,0,78,15,63
27:06:00,7.4956,17.58,122,0,78,15,63
27:07:00,7.4993,17.58,122,0,78,15,63
27:08:00,7.5049,17.58,122,0,78,15,63
27:09:00,7.5099,17.58,122,0,78,15,63
27:10:00,7.5136,17.58,125,0,79,15,63
27:11:00,7.5186,17.81,122,0,78,15,63
27:12:00,7.5236,17.81,122,0,78,15,63
27:13:00,7.5279,17.81,122,0,78,15,63
27:14:00,7.5329,17.81,122,0,78,15,63
27:15:00,7.5385,17.81,122,0,78,15,63
27:16:00,7.5441,17.81,120,0,77,15,63
27:17:00,7.5472,17.36,120,0,77,15,63
27:18:00,7.5521,17.58,122,0,78,15,63
27:19:00,7.5577,17.58,122,0,78,15,63
27:20:00,7.5608,17.58,125,0,79,15,63
27:21:00,7.5664,17.81,125,0,79,15,63
27:22:00,7.572,17.81,125,0,79,15,63
27:23:00,7.577,17.81,125,0,79,15,63
27:24:00,7.5807,17.81,125,0,79,15,63
27:25:00,7.5863,17.81,125,0,79,15,63
27:26:00,7.5919,17.81,125,0,79,15,63
27:27:00,7.5956,17.81,125,0,79,15,63
27:28:00,7.6006,17.81,125,0,79,15,63
27:29:00,7.6056,17.58,122,0,78,15,63
27:30:00,7.6112,17.81,125,0,79,15,63
27:31:00,7.6143,17.81,125,0,79,15,63
27:32:00,7.6199,17.81,125,0,79,15,63
27:33:00,7.6255,17.81,125,0,79,15,63
27:34:00,7.6286,17.81,122,0,78,15,63
27:35:00,7.6342,17.58,122,0,78,15,63
27:36:00,7.6398,17.58,122,0,78,15,63
27:37:00,7.6435,17.58,122,0,78,15,63
27:38:00,7.6485,17.58,122,0,78,15,63
27:39:00,7.654,17.81,125,0,79,15,63
27:40:00,7.6596,17.81,125,0,79,15,63
27:41:00,7.6627,17.81,125,0,79,15,63
27:42:00,7.6683,17.81,125,0,79,15,63
27:43:00,7.6739,17.81,125,0,79,15,63
27:44:00,7.6777,17.81,125,0,79,15,63
27:45:00,7.6826,17.58,122,0,78,15,63
27:46:00,7.6882,17.58,122,0,78,15,63
27:47:00,7.6932,17.58,122,0,78,15,63
27:48:00,7.6969,17.58,122,0,78,15,63
27:49:00,7.7025,17.58,122,0,78,15,63
27:50:00,7.7081,17.58,122,0,78,15,63
27:51:00,7.7112,17.58,125,0,79,15,63
27:52:00,7.7162,17.81,122,0,78,15,63
27:53:00,7.7218,17.81,122,0,78,15,63
27:54:00,7.7255,17.81,122,0,78,15,63
27:55:00,7.7305,17.81,122,0,78,15,63
27:56:00,7.7361,17.81,122,0,78,15,63
27:57:00,7.7417,17.81,122,0,78,15,63
27:58:00,7.7448,17.81,122,0,78,15,63
27:59:00,7.7504,17.81,122,0,78,15,63
28:00:00,7.7553,17.81,125,0,79,15,63
28:01:00,7.7591,17.81,125,0,79,15,63
28:02:00,7.764,17.58,122,0,78,15,63
28:03:00,7.7696,17.58,122,0,78,15,63
28:04:00,7.7734,17.58,122,0,78,15,63
28:05:00,7.7783,17.81,125,0,79,15,63
28:06:00,7.7833,17.58,122,0,78,15,63
28:07:00,7.7883,17.58,125,0,79,15,63
28:08:00,7.7914,17.81,125,0,79,15,63
28:09:00,7.797,17.81,122,0,78,15,63
28:10:00,7.8019,17.58,122,0,78,15,63
28:11:00,7.8057,17.58,122,0,78,15,63
28:12:00,7.8106,17.36,120,0,77,15,63
28:13:00,7.8162,17.36,120,0,77,15,63
28:14:00,7.8193,17.36,122,0,78,15,63
28:15:00,7.8249,17.58,122,0,78,15,63
28:16:00,7.8299,17.58,122,0,78,15,63
28:17:00,7.8355,17.58,122,0,78,15,63
28:18:00,7.8392,17.58,122,0,78,15,63
28:19:00,7.8442,17.81,125,0,79,15,63
28:20:00,7.8492,17.58,122,0,78,15,63
28:21:00,7.8529,17.58,122,0,78,15,63
28:22:00,7.8585,17.58,122,0,78,15,63
28:23:00,7.8641,17.58,122,0,78,15,63
28:24:00,7.8672,17.58,122,0,78,15,63
28:25:00,7.8728,17.58,122,0,78,15,63
28:26:00,7.8784,17.58,122,0,78,15,63
28:27:00,7.8833,17.58,122,0,78,15,63
28:28:00,7.8871,17.58,122,0,78,15,63
28:29:00,7.892,17.36,120,0,77,15,63
28:30:00,7.897,17.36,120,0,77,15,63
28:31:00,7.9026,17.36,120,0,77,15,63
28:32:00,7.9063,17.36,120,0,77,15,63
28:33:00,7.9113,17.36,120,0,77,15,63
28:34:00,7.9169,17.36,120,0,77,15,63
28:35:00,7.9206,17.36,120,0,77,15,63
28:36:00,7.9256,17.36,122,0,78,15,63
28:37:00,7.9312,17.58,122,0,78,15,63
28:38:00,7.9349,17.58,122,0,78,15,63
28:39:00,7.9399,17.58,122,0,78,15,63
28:40:00,7.9455,17.58,122,0,78,15,63
28:41:00,7.9511,17.58,122,0,78,15,63
28:42:00,7.9548,17.58,122,0,78,15,63
28:43:00,7.9598,17.36,120,0,77,15,63
28:44:00,7.9647,17.58,122,0,78,15,63
28:45:00,7.9685,17.58,122,0,78,15,63
28:46:00,7.9741,17.58,120,0,77,15,63
28:47:00,7.979,17.36,120,0,77,15,63
28:48:00,7.9828,17.36,120,0,77,15,63
28:49:00,7.9877,17.58,122,0,78,15,63
28:50:00,7.9933,17.58,122,0,78,15,63
28:51:00,7.9983,17.58,122,0,78,15,63
28:52:00,8.002,17.58,122,0,78,15,63
28:53:00,8.0076,17.58,122,0,78,15,63
28:54:00,8.0126,17.58,122,0,78,15,63
28:55:00,8.0163,17.58,122,0,78,15,63
28:56:00,8.0219,17.58,122,0,78,15,63
28:57:00,8.0269,17.58,122,0,78,15,63
28:58:00,8.0325,17.58,122,0,78,15,63
28:59:00,8.0362,17.58,122,0,78,15,63
29:00:00,8.0418,17.58,122,0,78,15,63
29:01:00,8.0468,17.58,122,0,78,15,63
29:02:00,8.0505,17.58,122,0,78,15,63
29:03:00,8.0561,17.58,122,0,78,15,63
29:04:00,8.061,17.58,122,0,78,15,63
29:05:00,8.0654,16.71,81,0,76,14,58
29:06:00,8.0673,15.5,60,0,74,12,50
29:07:00,8.071,14.4,50,0,73,11,46
29:08:00,8.0747,12.67,40,0,71,11,46
29:09:00,8.0766,12.67,41,0,72,11,46
29:10:00,8.0797,13.56,45,0,76,11,46
29:11:00,8.084,13.74,46,0,77,11,46
29:12:00,8.0865,13.74,46,0,77,11,46
29:13:00,8.0909,13.56,45,0,76,11,46
29:14:00,8.0946,13.56,46,0,77,11,46
29:15:00,8.0977,13.74,46,0,77,11,46
29:16:00,8.1021,13.74,46,0,77,11,46
29:17:00,8.1058,13.74,46,0,77,11,46
29:18:00,8.1101,13.74,46,0,77,11,46
29:19:00,8.1132,13.74,46,0,77,11,46
29:20:00,8.117,13.74,46,0,77,11,46
29:21:00,8.1213,13.74,46,0,77,11,46
29:22:00,8.1244,13.74,46,0,77,11,46
29:23:00,8.1288,13.74,46,0,77,11,46
29:24:00,8.1325,13.74,46,0,77,11,46
29:25:00,8.1369,13.74,46,0,77,11,46
29:26:00,8.14,13.74,46,0,77,11,46
29:27:00,8.1443,13.74,46,0,77,11,46
29:28:00,8.148,13.74,46,0,77,11,46
29:29:00,8.1511,13.74,46,0,77,11,46
29:30:00,8.1555,13.74,45,0,76,11,46
29:31:00,8.1592,13.56,46,0,77,11,46
29:32:00,8.1623,13.74,46,0,77,11,46
29:33:00,8.1667,13.74,46,0,77,11,46
29:34:00,8.171,13.74,46,0,77,11,46
29:35:00,8.1735,13.74,47,0,78,11,46
29:36:00,8.1772,13.92,47,0,78,11,46
29:37:00,8.1816,13.92,47,0,78,11,46
29:38:00,8.1859,13.74,46,0,77,11,46
29:39:00,8.1884,13.74,46,0,77,11,46
29:40:00,8.1928,13.74,46,0,77,11,46
29:41:00,8.1971,13.74,46,0,77,11,46
29:42:00,8.1996,13.74,46,0,77,11,46
29:43:00,8.2033,13.56,45,0,76,11,46
29:44:00,8.2077,13.56,45,0,76,11,46
29:45:00,8.212,13.56,45,0,76,11,46
29:46:00,8.2145,13.56,45,0,76,11,46
29:47:00,8.2189,13.56,45,0,76,11,46
29:48:00,8.2232,13.56,45,0,76,11,46
29:49:00,8.2257,13.56,46,0,77,11,46
29:50:00,8.2301,13.74,46,0,77,11,46
29:51:00,8.2338,13.74,46,0,77,11,46
29:52:00,8.2381,13.74,46,0,77,11,46
29:53:00,8.2412,13.74,46,0,77,11,46
29:54:00,8.245,13.74,46,0,77,11,46
29:55:00,8.2493,13.74,46,0,77,11,46
29:56:00,8.2524,13.74,46,0,77,11,46
29:57:00,8.2568,13.74,46,0,77,11,46
29:58:00,8.2605,13.92,47,0,78,11,46
29:59:00,8.2636,13.92,48,0,79,11,46
30:00:00,8.268,14.1,48,0,79,11,46
30:01:00,8.2723,14.1,48,0,79,11,46
30:02:00,8.2767,14.1,48,0,79,11,46
30:03:00,8.2791,14.1,48,0,79,11,46
30:04:00,8.2835,13.74,46,0,77,11,46
30:05:00,8.2857,13.74,46,0,77,11,46
30:06:00,8.2878,13.74,46,0,77,11,46
